{"cameraMode":{"drawMode":0,"name":"Shaded","section":"Shading Mode"},"sceneLighting":false,"audioPlay":false,"sceneViewState":{"showFog":true,"showMaterialUpdate":false,"showSkybox":true,"showFlares":true,"showImageEffects":true,"showParticleSystems":true},"in2DMode":false,"pivot":{"x":-2.680000066757202,"y":0.034639716148376468,"z":-0.09445297718048096},"rotation":{"x":0.11465492844581604,"y":0.19973397254943849,"z":-0.02354014851152897,"w":0.9728342890739441},"size":6.45652961730957,"orthographic":false}