{"cameraMode":{"drawMode":0,"name":"Shaded","section":"Shading Mode"},"sceneLighting":false,"audioPlay":false,"sceneViewState":{"showFog":true,"showMaterialUpdate":false,"showSkybox":true,"showFlares":true,"showImageEffects":true,"showParticleSystems":true},"in2DMode":false,"pivot":{"x":4.820000171661377,"y":0.0,"z":2.384185791015625e-7},"rotation":{"x":0.11465492844581604,"y":0.19973397254943849,"z":-0.02354014851152897,"w":0.9728342890739441},"size":5.715767860412598,"orthographic":false}