{"cameraMode":{"drawMode":0,"name":"Shaded","section":"Shading Mode"},"sceneLighting":false,"audioPlay":false,"sceneViewState":{"showFog":true,"showMaterialUpdate":false,"showSkybox":true,"showFlares":true,"showImageEffects":true,"showParticleSystems":true},"in2DMode":false,"pivot":{"x":212.14056396484376,"y":-186.58258056640626,"z":303.32159423828127},"rotation":{"x":0.14694805443286897,"y":0.8510695099830627,"z":-0.32356688380241396,"w":0.38651207089424136},"size":0.1428592950105667,"orthographic":false}