{"cameraMode":{"drawMode":0,"name":"Shaded","section":"Shading Mode"},"sceneLighting":false,"audioPlay":false,"sceneViewState":{"showFog":true,"showMaterialUpdate":false,"showSkybox":true,"showFlares":true,"showImageEffects":true,"showParticleSystems":true},"in2DMode":false,"pivot":{"x":0.0026973485946655275,"y":0.012472152709960938,"z":0.02533555030822754},"rotation":{"x":0.11465492844581604,"y":0.19973397254943849,"z":-0.02354014851152897,"w":0.9728342890739441},"size":6.383959770202637,"orthographic":false}