{"cameraMode":{"drawMode":0,"name":"Shaded","section":"Shading Mode"},"sceneLighting":false,"audioPlay":false,"sceneViewState":{"showFog":true,"showMaterialUpdate":false,"showSkybox":true,"showFlares":true,"showImageEffects":true,"showParticleSystems":true},"in2DMode":false,"pivot":{"x":-19.31999969482422,"y":-17.030000686645509,"z":-555.0},"rotation":{"x":0.11465492844581604,"y":0.19973397254943849,"z":-0.02354014851152897,"w":0.9728342890739441},"size":6.383912563323975,"orthographic":false}