{"cameraMode":{"drawMode":0,"name":"Shaded","section":"Shading Mode"},"sceneLighting":false,"audioPlay":false,"sceneViewState":{"showFog":true,"showMaterialUpdate":false,"showSkybox":true,"showFlares":true,"showImageEffects":true,"showParticleSystems":true},"in2DMode":false,"pivot":{"x":212.14056396484376,"y":-186.58258056640626,"z":303.32159423828127},"rotation":{"x":0.1659606397151947,"y":0.031054895371198655,"z":-0.00522924680262804,"w":0.9856293797492981},"size":2.8428590297698976,"orthographic":false}