{"cameraMode":{"drawMode":0,"name":"Shaded","section":"Shading Mode"},"sceneLighting":true,"audioPlay":false,"sceneViewState":{"showFog":true,"showMaterialUpdate":false,"showSkybox":true,"showFlares":true,"showImageEffects":true,"showParticleSystems":true},"in2DMode":false,"pivot":{"x":-73.29173278808594,"y":-23.014198303222658,"z":-520.3807373046875},"rotation":{"x":-0.05935730040073395,"y":0.5685858726501465,"z":-0.041185829788446429,"w":-0.8194452524185181},"size":114.16168212890625,"orthographic":false}